inf_mean,inf_upper,inf_lower,daily_cases,mobility_mean,mask_use_mean,cumulative_all_fully_vaccinated,seir_cumulative_mean,seir_cumulative_lower,seir_cumulative_upper
26.91,53.16,7.11,6,-7.1254,0.9359,0,0,0,0
23.38,52.33,5.56,4,-7.1541,0.9346,0,0,0,0
19.57,46.31,5.1,0,-7.186,0.9324,0,0,0,0
16.04,35.99,5.02,2,-7.2214,0.9282,0,0,0,0
13.21,25.59,4.58,3,-7.2608,0.9209,0,0,0,0
11.29,20.82,4.25,7,-7.3045,0.9088,0,0,0,0
10.22,19.61,4.14,5,-7.3531,0.8903,0,0,0,0
9.39,17.04,4.03,2,-7.4071,0.863,0,0,0,0
9.14,14.69,4.65,3,-7.4671,0.8368,0,0,0,0
10.21,17.59,4.63,8,-7.5337,0.8109,0,0,0,0
11.68,19.55,4.58,9,-7.6187,0.7841,0,0,0,0
13.1,21.81,5.51,5,-7.7061,0.7554,0,0,0,0
14.37,23.73,5.6,3,-7.7781,0.7237,0,0,0,0
15.26,25.02,6.18,2,-7.8196,0.6893,0,0,0,0
17.89,32.78,6.69,4,-7.8219,0.652,0,0,0,0.03
21.88,39.84,6.62,3,-7.7813,0.6213,0,0.01,0,0.06
26.11,43.87,8.67,0,-7.6981,0.5981,0,0.01,0,0.09
32.03,47.07,9.79,1,-7.5758,0.5833,0,0.02,0,0.12
37.61,50.1,15.52,0,-7.4188,0.5791,0,0.03,0,0.15
42.31,58.02,23.06,4,-7.2308,0.5716,0,0.05,0,0.18
47.18,61.62,30.23,0,-7.0168,0.5607,0,0.07,0,0.21
49.77,67.47,32.3,2,-6.7849,0.5464,0,0.09,0,0.24
52.22,75,25.22,2,-6.5455,0.5365,0,0.12,0,0.27
54.55,79.52,26.1,0,-6.31,0.5321,0,0.15,0,0.3
54.73,81.59,26.3,0,-6.0903,0.5344,0,0.18,0.03,0.33
57.27,86.59,27.05,9,-5.8969,0.5459,0,0.21,0.06,0.36
63.49,95.95,28.93,4,-5.737,0.552,0,0.24,0.09,0.39
73.11,117.38,28.66,2,-5.6154,0.5516,0,0.27,0.12,0.42
86.52,136.12,34.79,2,-5.5365,0.5429,0,0.3,0.15,0.45
101.72,161.16,39.67,0,-5.5041,0.5325,0,0.33,0.18,0.48
118.07,181.62,46.67,7,-5.5205,0.5277,0,0.36,0.21,0.51
133.8,202.48,59.68,13,-5.5876,0.5295,0,0.39,0.24,0.54
147.82,221.62,73.5,8,-5.7053,0.54,0,0.42,0.27,0.57
160.68,241.42,75.3,12,-5.8706,0.5457,0,0.45,0.3,0.6
172.28,268.48,73.04,0,-6.0802,0.5454,0,0.48,0.33,0.63
182.44,289.6,74.7,10,-6.3318,0.5375,0,0.51,0.36,0.66
190.32,311.34,75.71,18,-6.6238,0.5222,0,0.54,0.39,0.69
197.87,327.78,77.22,0,-6.9548,0.5081,0,0.57,0.42,0.72
204.37,338.49,77.22,22,-7.3228,0.497,0,0.6,0.45,0.75
207.07,351.71,83.64,12,-7.7239,0.4917,0,0.63,0.48,0.78
208.76,364.41,86.85,14,-8.1515,0.4797,0,0.66,0.51,0.81
209.9,360.54,90.19,17,-8.5976,0.4618,0,0.69,0.54,0.84
208.76,347.31,89.9,23,-9.0556,0.4387,0,0.72,0.57,0.87
208.39,344.3,87.06,47,-9.521,0.4152,0,0.89,0.74,1.04
210.95,341.17,86.29,32,-9.992,0.397,0,1.21,1.06,1.36
218.04,344.64,83.73,40,-10.4698,0.3843,0,1.52,1.37,1.67
229.74,366.18,88.01,47,-10.959,0.3781,0,1.84,1.69,1.99
245.27,396.21,85.09,23,-11.4664,0.377,0,2.15,2.01,2.31
270.87,446.14,92.98,54,-11.9994,0.3796,0,2.47,2.32,2.62
313.16,539.28,92.39,49,-12.5695,0.3841,0,2.78,2.64,2.94
364.59,613.49,100.58,73,-13.1925,0.3876,0,2.96,2.81,3.11
419.24,728.8,117.79,52,-13.8891,0.3956,0,3.06,2.91,3.21
482.88,836.95,133.71,49,-14.6881,0.4087,0,3.23,3.08,3.38
557.86,936.62,149.31,70,-15.6283,0.4275,0,3.4,3.26,3.56
643.05,1089.76,172.89,42,-16.7585,0.4438,0,3.58,3.43,3.73
746.51,1279.96,202.32,35,-18.137,0.4579,0,3.82,3.67,3.97
875.6,1495.81,237.01,47,-19.8282,0.4696,0,4.21,4.06,4.36
1030.75,1767.39,273.06,74,-21.8946,0.4761,0,4.74,4.59,4.89
1212.84,2074.01,320.61,49,-24.3853,0.479,0,5.27,5.12,5.42
1419.47,2437.85,385.28,65,-27.3272,0.4802,0,5.73,5.58,5.88
1666.86,2884.28,445.96,75,-30.7125,0.4819,0,6.19,6.04,6.34
1933.44,3308.02,506.44,120,-34.4854,0.4889,0,6.64,6.5,6.8
2175.73,3795.61,587.92,66,-38.5351,0.499,0,7.03,6.88,7.18
2386.34,4236.29,634.77,106,-42.7011,0.511,0,7.35,7.2,7.5
2530.29,4634.25,696.73,142,-46.7936,0.5233,0,7.66,7.52,7.82
2590.43,4900.48,734.41,287,-50.6303,0.5398,0,7.98,7.83,8.13
2594.42,5006.47,723.67,198,-54.0651,0.559,0,8.37,8.22,8.52
2521.63,4928.68,672.44,191,-57.0041,0.5795,0,8.9,8.75,9.05
2383.36,4869.11,607.87,233,-59.412,0.6067,0,9.5,9.35,9.65
2226.23,4703.98,556.11,386,-61.3015,0.639,0,10.1,9.95,10.25
2050.69,4331.81,529.22,334,-62.7212,0.6745,0,10.7,10.55,10.85
1895.63,3928.59,498.19,447,-63.7433,0.7108,0,11.23,11.08,11.38
1776.97,3588.44,461.25,728,-64.4509,0.7434,0,11.69,11.54,11.84
1671.56,3331.18,438.03,623,-64.9279,0.7725,0,12.08,11.93,12.23
1588.83,3230.27,423.3,942,-65.2513,0.7981,0,12.32,12.17,12.47
1530.49,3057.08,417.79,596,-65.4841,0.821,0,12.56,12.42,12.72
1493.3,2870.09,396.68,1426,-65.6705,0.8416,0,12.88,12.73,13.03
1477.79,2771.49,392.97,1111,-65.8373,0.8611,0,13.12,12.98,13.28
1477.71,2815.2,401.95,1016,-65.9988,0.88,0,13.3,13.15,13.45
1495.82,2858.02,404.68,1037,-66.1617,0.8939,0,13.47,13.32,13.62
1518.23,2840.43,404.06,897,-66.328,0.9036,0,13.79,13.64,13.94
1530.54,2899.65,409.51,618,-66.4979,0.9097,0,14.24,14.1,14.4
1546.34,2978.87,414.91,931,-66.6688,0.9133,0,14.63,14.48,14.78
1552.89,2987.82,416.1,799,-66.832,0.915,0,15.02,14.87,15.17
1544.45,2997.85,413.57,528,-66.9727,0.9152,0,15.55,15.4,15.7
1529.64,3002.79,406.82,690,-67.0744,0.9147,0,16.22,16.07,16.37
1495.23,2950.12,398.9,528,-67.1223,0.914,0,17.04,16.89,17.19
1447.09,2938.4,384.87,932,-67.1059,0.913,0,17.78,17.63,17.93
1388.46,2843.13,361.83,447,-67.0206,0.9117,0,18.38,18.24,18.54
1314.37,2701.62,342.63,657,-66.868,0.9109,0,19.13,18.98,19.28
1240.17,2569.08,325.31,573,-66.6497,0.9099,0,19.94,19.8,20.1
1167.43,2422.4,310.72,632,-66.3649,0.9094,0,20.62,20.47,20.77
1102.48,2264.28,301.89,788,-66.0148,0.9095,0,21.15,21,21.3
1060.74,2129.57,291.24,741,-65.6048,0.9101,0,21.53,21.39,21.69
1030.73,1996.46,285.25,768,-65.1462,0.9115,0,21.92,21.77,22.07
1010.33,1957.67,284.31,753,-64.6599,0.9131,0,22.38,22.23,22.53
997.73,1956.28,281.63,876,-64.171,0.9151,0,22.69,22.55,22.85
980.01,1917.92,273.94,486,-63.7016,0.9165,0,22.87,22.72,23.02
959.82,1895.86,266.01,849,-63.2688,0.9192,0,23.04,22.89,23.19
938.52,1851.93,260.18,675,-62.8868,0.9216,0,23.28,23.14,23.44
913.67,1806.49,254.77,752,-62.5675,0.9235,0,23.6,23.45,23.75
891.44,1770.36,248.97,793,-62.3202,0.9257,0,23.84,23.7,24
878.96,1718.64,241.67,465,-62.1519,0.9273,0,24.02,23.87,24.17
875.88,1660.31,237.34,682,-62.0633,0.9283,0,24.19,24.04,24.34
880.59,1668.33,239.5,305,-62.0443,0.9289,0,24.43,24.29,24.59
885.23,1704.11,244.22,451,-62.0735,0.9285,0,24.75,24.6,24.9
872.44,1733.32,240.09,570,-62.1227,0.9279,0,24.99,24.85,25.15
842.82,1749.35,227.14,448,-62.159,0.9271,0,25.17,25.02,25.32
805.81,1683.43,217.09,614,-62.1469,0.9268,0,25.34,25.19,25.49
760.6,1578.98,201.02,642,-62.0508,0.9255,0,25.51,25.37,25.67
711.41,1470.97,185.76,548,-61.8367,0.9246,0,25.69,25.54,25.84
667.64,1407.39,175.3,344,-61.4732,0.9236,0,25.79,25.64,25.94
634.48,1332.44,166.94,383,-60.9381,0.9227,0,25.82,25.67,25.97
614.24,1230.06,158.87,533,-60.2275,0.9221,0,25.85,25.7,26
605.74,1148.89,156.1,373,-59.3552,0.9215,0,25.88,25.73,26.03
602.75,1173.56,159.65,611,-58.3509,0.9208,0,25.98,25.83,26.13
596.98,1194.2,161.96,506,-57.258,0.9211,0,26.15,26,26.3
581.64,1191.75,156.41,518,-56.1273,0.9214,0,26.32,26.18,26.48
554.73,1151.21,146.13,408,-55.0083,0.9217,0,26.5,26.35,26.65
517.2,1100.47,131.34,544,-53.9462,0.922,0,26.67,26.52,26.82
472.64,1038.66,115.74,569,-52.9804,0.9226,0,26.91,26.77,27.07
427.49,963.18,106.14,517,-52.1381,0.9226,0,27.23,27.08,27.38
387.11,865.68,99.22,261,-51.4311,0.9223,0,27.47,27.33,27.63
355.74,762.61,94.37,344,-50.8559,0.9219,0,27.65,27.5,27.8
334.79,684.68,89.95,383,-50.3925,0.9211,0,27.82,27.67,27.97
318.62,639.44,86.68,386,-50.0057,0.9209,0,27.99,27.85,28.15
304.82,625.51,84.01,218,-49.6498,0.9209,0,28.17,28.02,28.32
297.13,604.36,80.6,451,-49.2733,0.9206,0,28.34,28.19,28.49
293.53,570.38,76.67,422,-48.8238,0.9202,0,28.51,28.36,28.66
290.54,555.46,77.52,463,-48.2525,0.9197,0,28.68,28.54,28.84
292.23,571.76,79.51,347,-47.5191,0.9187,0,28.86,28.71,29.01
299.03,572.14,89.92,407,-46.5945,0.9173,0,29.03,28.88,29.18
306.29,565.83,91.05,214,-45.4646,0.9161,0,29.2,29.06,29.36
313.86,589.55,93.81,151,-44.1343,0.9152,0,29.38,29.23,29.53
318.34,611.96,100.23,247,-42.6304,0.9144,0,29.48,29.33,29.63
314.48,621.48,98.83,257,-41.0017,0.9138,0,29.51,29.36,29.66
304.24,620.21,89.73,142,-39.3143,0.9122,0,29.54,29.39,29.69
290.4,592.87,79.97,218,-37.6415,0.91,0,29.57,29.42,29.72
273.83,555.29,75.02,262,-36.0486,0.9076,0,29.6,29.45,29.75
257.04,525.14,70.92,218,-34.5817,0.9054,0,29.63,29.48,29.78
242.78,501.44,69.22,119,-33.2666,0.9035,0,29.66,29.51,29.81
231.79,471.33,63.49,191,-32.1161,0.9011,0,29.69,29.54,29.84
224.2,441.16,61.02,113,-31.1362,0.8991,0,29.72,29.57,29.87
222.81,424.11,60.17,219,-30.329,0.897,0,29.75,29.6,29.9
230.89,423.51,61.66,291,-29.6943,0.8952,0,29.78,29.63,29.93
246.22,437.92,65.04,213,-29.2281,0.8934,0,29.81,29.66,29.96
265.06,474.79,69.46,202,-28.9174,0.8911,0,29.84,29.69,29.99
286.91,517.54,74.91,246,-28.7391,0.8896,0,29.87,29.72,30.02
308.65,565.29,80.94,215,-28.6692,0.8893,0,29.9,29.75,30.05
325.76,612.22,86.21,188,-28.6875,0.889,0,29.93,29.78,30.08
336.49,644.53,91.05,169,-28.7783,0.8884,0,29.96,29.81,30.11
338.52,671.2,94.01,185,-28.9294,0.8876,0,29.99,29.84,30.14
337.26,678.53,93.46,136,-29.127,0.8884,0,30.02,29.87,30.17
338.28,656.74,89.95,183,-29.3496,0.889,0,30.05,29.9,30.2
339.96,636.03,89.38,157,-29.5666,0.8899,0,30.08,29.93,30.23
347.11,658.48,92.52,158,-29.7505,0.8904,0,30.11,29.96,30.26
366.51,677.65,96.72,125,-29.8808,0.8909,0,30.14,29.99,30.29
395.9,702.34,103.37,191,-29.9411,0.8921,0,30.17,30.02,30.32
429.65,762.63,110.31,169,-29.9197,0.8932,0,30.27,30.12,30.42
460.68,836.5,115.94,178,-29.8152,0.8933,0,30.44,30.29,30.59
482.76,914.44,129.96,322,-29.6319,0.8938,0,30.61,30.47,30.77
495.38,970.86,134.56,347,-29.3791,0.8948,0,30.79,30.64,30.94
498.45,966.78,133.75,248,-29.0748,0.8964,0,30.96,30.81,31.11
490.53,963.96,133.69,248,-28.7439,0.8968,0,31.13,30.99,31.29
473.55,965.27,130.87,327,-28.4138,0.8973,0,31.31,31.16,31.46
451.11,950.16,122.28,202,-28.1101,0.8977,0,31.41,31.26,31.56
434.69,902.31,115.88,257,-27.8494,0.8977,0,31.44,31.29,31.59
438.51,834.48,114.15,123,-27.6332,0.8977,0,31.47,31.32,31.62
449.68,802.35,113.07,399,-27.4505,0.897,0,31.5,31.35,31.65
456.95,872.68,120.84,310,-27.2885,0.896,0,31.53,31.38,31.68
460.12,922.39,129.85,354,-27.1387,0.8957,0,31.56,31.41,31.71
449.68,930.15,123.53,277,-26.9994,0.8949,0,31.59,31.44,31.74
428.04,886.88,116.14,513,-26.8743,0.8937,0,31.62,31.47,31.77
392.37,831.89,89.9,481,-26.7659,0.8917,0,31.65,31.5,31.8
336.11,791.31,60.4,469,-26.6658,0.8907,0,31.68,31.53,31.83
276.85,751.82,50.49,359,-26.5562,0.89,0,31.71,31.56,31.86
222.14,606.58,44.68,334,-26.4192,0.8895,0,31.74,31.59,31.89
173.19,426.78,40.8,278,-26.2425,0.8898,0,31.77,31.62,31.92
141.86,325.27,35.66,396,-26.0222,0.8907,0,31.8,31.65,31.95
124.8,277.25,34.06,307,-25.7632,0.8911,0,31.83,31.68,31.98
115.84,247.9,32.44,313,-25.4794,0.8919,0,31.86,31.71,32.01
112.04,219.43,30.85,226,-25.1842,0.892,0,31.89,31.74,32.04
110.19,205.44,31.24,295,-24.8874,0.8924,0,31.92,31.77,32.07
111.18,212.98,32.5,908,-24.6004,0.8925,0,31.95,31.8,32.1
112.04,216.39,32.63,301,-24.3352,0.8932,0,31.98,31.83,32.13
110.49,215.56,32.54,242,-24.1023,0.8928,0,32.01,31.86,32.16
106.97,214.42,31.26,132,-23.9062,0.8923,0,32.04,31.89,32.19
100.97,208.36,28.52,175,-23.7392,0.8919,0,32.07,31.92,32.22
94.48,201.11,27.59,188,-23.5789,0.8913,0,32.1,31.95,32.25
88.9,186.68,26.06,61,-23.4006,0.8897,0,32.13,31.98,32.28
83.94,167.9,25.08,42,-23.1963,0.8897,0,32.16,32.01,32.31
80.38,157.05,24.52,102,-22.9714,0.8892,0,32.19,32.04,32.34
77.56,153.01,23.76,83,-22.7378,0.8891,0,32.22,32.07,32.37
74.87,148.73,23.24,81,-22.5105,0.8893,0,32.25,32.1,32.4
72.31,143.19,22.14,86,-22.3006,0.8899,0,32.28,32.13,32.43
68.59,136.04,20.71,91,-22.1072,0.8901,0,32.31,32.16,32.46
63.93,132.88,18.52,100,-21.921,0.891,0,32.34,32.19,32.49
58.68,127.23,16.65,93,-21.7328,0.8916,0,32.37,32.22,32.52
53.06,116.33,15.82,68,-21.5386,0.8915,0,32.4,32.25,32.55
48.14,102.84,14.95,117,-21.3402,0.8912,0,32.43,32.28,32.58
44.26,90.44,14.52,50,-21.1441,0.8919,0,32.46,32.31,32.61
42.79,82.49,14.31,87,-20.9549,0.8916,0,32.49,32.34,32.64
44.29,77.18,14.64,51,-20.7709,0.8917,0,32.52,32.37,32.67
47.32,81.09,15.04,31,-20.5873,0.8922,0,32.55,32.4,32.7
51.6,89.62,15.92,60,-20.4038,0.8924,0,32.58,32.43,32.73
56.15,98.41,17.27,77,-20.2278,0.8923,0,32.61,32.46,32.76
59.67,107.67,18.37,94,-20.0734,0.8926,0,32.64,32.49,32.79
62.47,114.03,19.35,51,-19.9577,0.8933,0,32.67,32.52,32.82
63.4,119.05,19.86,54,-19.8923,0.8937,0,32.7,32.55,32.85
61.72,122.74,18.93,41,-19.8758,0.8951,0,32.73,32.58,32.88
57.76,123.18,15.98,40,-19.8959,0.8963,0,32.76,32.61,32.91
51.43,116.68,13.47,8,-19.9374,0.8974,0,32.79,32.64,32.94
44.26,104.61,12.05,48,-19.9882,0.8987,0,32.82,32.67,32.97
37.69,87.42,10.85,40,-20.0406,0.9004,0,32.85,32.7,33
32.17,70.71,10.09,34,-20.0902,0.9021,0,32.88,32.73,33.03
28.2,60.26,9.43,40,-20.1324,0.9031,0,32.91,32.76,33.06
25.4,52.33,9.02,22,-20.1562,0.9043,0,32.94,32.79,33.09
23.46,46.51,8.95,47,-20.1454,0.9051,0,32.97,32.82,33.12
22.56,42.21,8.91,75,-20.0876,0.9052,0,33,32.85,33.15
22.93,39.01,8.76,63,-19.9799,0.9058,0,33.03,32.88,33.18
23.54,38.28,9.03,86,-19.8287,0.9058,0,33.06,32.91,33.21
24.11,38.83,9.36,42,-19.6484,0.906,0,33.09,32.94,33.24
25.99,38.97,9.95,49,-19.454,0.9057,0,33.12,32.97,33.27
28.25,38.03,12.5,48,-19.2523,0.9045,0,33.15,33,33.3
29.89,38.33,16.71,34,-19.0442,0.9024,0,33.18,33.03,33.33
31.03,41.01,22.5,26,-18.8308,0.9001,0,33.21,33.06,33.36
30.61,43.6,17.9,18,-18.6163,0.8984,0,33.24,33.09,33.39
29.18,43.54,12.18,11,-18.4093,0.8969,0,33.27,33.12,33.42
27.15,42.4,8.96,15,-18.2206,0.8958,0,33.3,33.15,33.45
23.55,39.62,7.7,18,-18.0573,0.8951,0,33.33,33.18,33.48
19.77,37.82,7.27,30,-17.9156,0.8945,0,33.36,33.21,33.51
16.8,32.91,6.78,21,-17.7845,0.8942,0,33.39,33.24,33.54
14.44,27.18,6.57,12,-17.6546,0.894,0,33.42,33.27,33.57
13.06,23.41,6.34,15,-17.5231,0.8942,0,33.45,33.3,33.6
12.51,21.05,6.23,11,-17.3956,0.8958,0,33.48,33.33,33.63
12.16,20.69,6.05,20,-17.2833,0.8981,0,33.51,33.36,33.66
11.7,20.47,5.79,15,-17.1944,0.9,0,33.54,33.39,33.69
11.05,19.98,5.56,15,-17.1243,0.9022,0,33.57,33.42,33.72
10.31,18.81,5.42,27,-17.0605,0.9043,0,33.6,33.45,33.75
9.6,17.15,5.31,23,-16.9942,0.906,0,33.63,33.48,33.78
8.98,15.44,5.2,19,-16.924,0.907,0,33.66,33.51,33.81
8.45,14.13,5.14,10,-16.8562,0.9071,0,33.69,33.54,33.84
8.14,13.25,5.07,6,-16.8008,0.9068,0,33.72,33.57,33.87
8.08,12.33,5.12,12,-16.7648,0.906,0,33.75,33.6,33.9
8.33,11.71,5.21,7,-16.7435,0.905,0,33.78,33.63,33.93
8.82,12.4,5.31,11,-16.7229,0.9032,0,33.81,33.66,33.96
9.45,13.5,5.53,10,-16.688,0.9019,0,33.84,33.69,33.99
10.24,14.99,5.73,9,-16.6283,0.9009,0,33.87,33.72,34.02
10.84,16.5,5.83,10,-16.5425,0.8997,0,33.97,33.82,34.12
11.18,17.91,5.97,7,-16.4394,0.8984,0,34.14,33.99,34.29
11.38,18.78,5.94,10,-16.3309,0.8974,0,34.31,34.17,34.47
11.28,18.68,5.9,4,-16.2202,0.8964,0,34.49,34.34,34.64
11.02,18.48,5.86,4,-16.1038,0.8961,0,34.66,34.51,34.81
10.78,18.15,5.79,5,-15.9797,0.8972,0,34.83,34.69,34.99
10.5,17.38,5.69,3,-15.8518,0.899,0,35.01,34.86,35.16
10.25,16.82,5.64,9,-15.7297,0.9009,0,35.11,34.96,35.26
10.06,16.44,5.61,3,-15.6255,0.9029,0,35.14,34.99,35.29
9.96,15.99,5.6,7,-15.5478,0.9034,0,35.17,35.02,35.32
9.92,15.54,5.57,4,-15.4936,0.9033,0,35.2,35.05,35.35
9.86,15.58,5.51,6,-15.4506,0.9032,0,35.23,35.08,35.38
9.65,15.75,5.39,12,-15.4078,0.9034,0,35.26,35.11,35.41
9.29,15.65,5.24,8,-15.3607,0.9033,0,35.29,35.14,35.44
8.96,15.23,5.32,10,-15.3114,0.9042,0,35.32,35.17,35.47
8.83,14.08,5.31,14,-15.2672,0.9056,0,35.35,35.2,35.5
8.97,12.82,5.44,5,-15.2338,0.9055,0,35.38,35.23,35.53
9.7,15.15,5.55,3,-15.208,0.905,0,35.41,35.26,35.56
11.46,20.01,5.74,7,-15.1798,0.9042,0,35.44,35.29,35.59
13.27,25,6.01,7,-15.1423,0.9034,0,35.47,35.32,35.62
14.93,25.82,7.01,7,-15.0962,0.9044,0,35.5,35.35,35.65
17.4,26.41,7.22,9,-15.0504,0.9066,0,35.53,35.38,35.68
19.63,26.86,8.42,12,-15.0188,0.9086,0,35.56,35.41,35.71
20.69,27.8,10.67,4,-15.0132,0.9107,0,35.59,35.44,35.74
20.8,27.19,12.55,1,-15.0358,0.9128,0,35.62,35.47,35.77
19.4,26.32,7.79,9,-15.0808,0.9141,0,35.65,35.5,35.8
17.4,25.76,6.23,7,-15.1446,0.9145,0,35.68,35.53,35.83
15.61,25.08,5.72,7,-15.2305,0.915,0,35.71,35.56,35.86
13.27,24.54,5.37,4,-15.349,0.9156,0,35.74,35.59,35.89
11.32,22.76,5.48,7,-15.513,0.9167,0,35.77,35.62,35.92
10.59,20.86,5.76,2,-15.7295,0.918,0,35.8,35.65,35.95
10.35,15.25,5.83,8,-15.9903,0.9182,0,35.83,35.68,35.98
10.4,15.24,5.68,9,-16.2727,0.9178,0,35.86,35.71,36.01
10.76,16.84,5.67,18,-16.5498,0.9171,0,35.89,35.74,36.04
10.96,17.76,5.61,11,-16.7975,0.9164,0,35.92,35.77,36.07
10.89,17.91,5.54,12,-16.9972,0.9156,0,35.95,35.8,36.1
10.67,17.85,5.37,2,-17.1356,0.915,0,35.98,35.83,36.13
10.22,17.61,5.08,3,-17.2036,0.9147,0,36.01,35.86,36.16
9.67,17.07,5.05,5,-17.1966,0.9146,0,36.04,35.89,36.19
9.31,16.13,5.03,6,-17.1133,0.9138,0,36.07,35.92,36.22
9.12,14.42,4.96,5,-16.9602,0.9125,0,36.1,35.95,36.25
9.17,13.76,4.99,4,-16.7527,0.9111,0,36.13,35.98,36.28
9.44,14.41,5.02,4,-16.5137,0.9098,0,36.16,36.01,36.31
9.87,15.19,5.17,5,-16.2703,0.9088,0,36.19,36.04,36.34
10.38,15.86,5.28,12,-16.0445,0.908,0,36.22,36.07,36.37
10.8,16.96,5.32,5,-15.8422,0.9066,0,36.25,36.1,36.4
11.16,17.99,5.4,18,-15.658,0.9048,0,36.28,36.13,36.43
11.43,18.78,5.49,7,-15.4868,0.9032,0,36.38,36.23,36.53
11.5,19,5.42,5,-15.3301,0.9018,0,36.55,36.4,36.7
11.4,19.16,5.3,4,-15.1973,0.901,0,36.72,36.58,36.88
11.18,19.04,5.22,6,-15.105,0.9012,0,36.9,36.75,37.05
11.06,18.79,5.36,8,-15.0662,0.9014,0,37.07,36.92,37.22
11.38,18.08,5.57,5,-15.0759,0.901,0,37.24,37.1,37.4
12.17,18.85,5.57,10,-15.1152,0.901,0,37.42,37.27,37.57
13.2,20.65,5.74,2,-15.1624,0.9004,0,37.52,37.37,37.67
14.47,22.92,6.12,9,-15.2005,0.8994,0,37.55,37.4,37.7
15.92,25.28,6.41,3,-15.221,0.8994,0,37.58,37.43,37.73
17.23,28.05,6.83,13,-15.2253,0.9007,0,37.61,37.46,37.76
18.62,30.32,7.11,5,-15.2168,0.9016,0,37.64,37.49,37.79
19.91,33.36,7.39,13,-15.1896,0.9017,0,37.67,37.52,37.82
20.6,36.37,7.53,12,-15.1305,0.9013,0,37.7,37.55,37.85
20.98,37.82,7.81,6,-15.031,0.9007,0,37.73,37.58,37.88
20.82,38.11,7.6,6,-14.8917,0.9003,0,37.76,37.61,37.91
19.93,37.43,7.12,8,-14.7234,0.9007,0,37.79,37.64,37.94
18.81,36.89,6.58,8,-14.5457,0.9004,0,37.82,37.67,37.97
17.53,34.95,6.32,7,-14.3772,0.9009,0,37.85,37.7,38
16.69,31.97,6.69,5,-14.2209,0.902,0,37.88,37.73,38.03
16.9,28.95,6.83,16,-14.0658,0.9027,0,37.91,37.76,38.06
18.05,29.83,6.82,12,-13.9059,0.9027,0,37.94,37.79,38.09
20.35,34.31,7.02,24,-13.7484,0.9025,0,37.97,37.82,38.12
23.57,41.15,7.76,9,-13.6137,0.9034,0,38,37.85,38.15
26.94,45.86,8.7,17,-13.5302,0.9046,0,38.03,37.88,38.18
30,51.76,9.64,19,-13.5252,0.9052,0,38.06,37.91,38.21
32.43,56.12,10.22,10,-13.6113,0.9058,0,38.09,37.94,38.24
33.91,61.49,10.85,29,-13.7833,0.9055,0,38.12,37.97,38.27
34.43,64.45,11.41,21,-14.028,0.906,0,38.15,38,38.3
34.41,64.63,11.42,13,-14.3302,0.9059,0,38.18,38.03,38.33
34.32,63.86,11.24,14,-14.6734,0.9057,0,38.21,38.06,38.36
34.01,62.47,11.12,10,-15.0393,0.9051,0,38.24,38.09,38.39
33.56,62.88,11.18,5,-15.4081,0.9046,0,38.27,38.12,38.42
33.53,62.89,11.08,5,-15.7567,0.9046,0,38.3,38.15,38.45
33.9,61.29,10.87,13,-16.0579,0.9047,0,38.33,38.18,38.48
34.32,61.48,10.99,27,-16.288,0.9041,0,38.36,38.21,38.51
34.6,64.12,11.24,30,-16.4337,0.9045,0.333333333,38.39,38.24,38.54
34.45,65.63,11.44,30,-16.4921,0.9056,0.666666667,38.42,38.27,38.57
33.98,65.36,11.38,33,-16.467,0.9077,1,38.45,38.3,38.6
33.65,63.44,10.98,35,-16.3661,0.909,1.333333333,38.48,38.33,38.63
33.41,60.56,10.79,24,-16.1992,0.9107,1.666666667,38.51,38.36,38.66
33.02,61.37,10.94,28,-15.9778,0.9123,2,38.54,38.39,38.69
32.34,62.19,10.61,31,-15.7187,0.9141,3,38.57,38.42,38.72
31.45,61.32,10.69,33,-15.4426,0.9159,4,38.6,38.45,38.75
31.22,59.08,10.25,23,-15.1715,0.9175,7,38.63,38.48,38.78
31.76,55.25,10.15,29,-14.9252,0.9183,9,38.66,38.51,38.81
32.06,57.5,10.13,42,-14.7162,0.9191,9,38.69,38.54,38.84
32.08,59.97,10.66,22,-14.5447,0.9192,11,38.72,38.57,38.87
32.02,62.89,10.91,17,-14.4041,0.9178,13,38.75,38.6,38.9
32.16,59.96,10.4,38,-14.2874,0.9164,14,38.78,38.63,38.93
33.15,57.13,10.59,45,-14.1913,0.9154,15,38.81,38.66,38.96
34.03,60.17,10.43,30,-14.117,0.9143,18,38.84,38.69,38.99
34.46,63.69,11.05,24,-14.0676,0.9131,20,38.87,38.72,39.02
34.82,67.97,11.64,30,-14.043,0.912,23,38.9,38.75,39.05
34.2,65.16,11.19,14,-14.032,0.9108,23,38.93,38.78,39.08
33.06,62.22,11,30,-14.0161,0.9096,32,38.96,38.81,39.11
32.04,61.69,10.42,40,-13.9781,0.9087,72,38.99,38.84,39.14
30.43,59.74,9.55,38,-13.9081,0.9078,75,39.02,38.87,39.17
28.64,57.66,9.26,15,-13.8043,0.9076,77,39.05,38.9,39.2
27.08,54.5,8.91,10,-13.6724,0.9088,80,39.08,38.93,39.23
25.51,49.63,8.64,48,-13.5194,0.9092,81,39.11,38.96,39.26
24.29,46.38,8.33,44,-13.3479,0.91,97,39.14,38.99,39.29
23.27,44.44,7.93,14,-13.1567,0.9111,106,39.17,39.02,39.32
22.09,42.62,7.37,25,-12.9498,0.9123,113,39.2,39.05,39.35
20.68,40.89,6.73,34,-12.7407,0.9137,131,39.23,39.08,39.38
19.06,38.73,6.19,24,-12.5521,0.915,859,39.26,39.11,39.41
17.35,35.76,5.66,58,-12.4134,0.916,1188,39.29,39.14,39.44
15.66,32.13,5.33,29,-12.3523,0.9176,1316,39.32,39.17,39.47
14.3,28.63,5.2,29,-12.3865,0.9198,3429,39.35,39.2,39.5
13.31,25.39,5.09,19,-12.5255,0.9212,5951,39.38,39.23,39.53
12.63,22.85,5.06,18,-12.7774,0.9218,9687,39.41,39.26,39.56
12.3,21.58,5.06,22,-13.1526,0.923,14118,39.44,39.29,39.59
12.11,20.86,5.01,25,-13.6615,0.9234,19393,39.47,39.32,39.62
12.03,20.49,5.08,26,-14.3092,0.9233,21072,39.5,39.35,39.65
12.05,20.36,5.07,24,-15.0852,0.9228,21751,39.53,39.38,39.68
12.13,20.39,4.95,22,-15.9532,0.9218,29352,39.56,39.41,39.71
12.63,21.99,5.14,11,-16.8506,0.9207,37695,39.59,39.44,39.74
13.2,21.8,5.38,15,-17.6987,0.9198,46875,39.62,39.47,39.77
13.84,21.53,5.66,12,-18.4133,0.9181,49869,39.65,39.5,39.8
15.38,22.2,5.89,18,-18.9183,0.9156,49875,39.68,39.53,39.83
17.11,24.05,7.65,9,-19.1618,0.9137,49881,39.71,39.56,39.86
18.54,24.44,9.94,14,-19.1264,0.9119,53864,39.74,39.59,39.89
20,25.45,14.05,9,-18.8287,0.9092,64880,39.77,39.62,39.92
20.74,26.51,12.75,1,-18.3091,0.9068,79067,39.8,39.65,39.95
20.85,28.27,8.83,11,-17.6269,0.9051,94746,39.83,39.68,39.98
20.67,28.98,6.7,11,-16.85,0.9032,109242,39.86,39.71,40.01
19.41,29.84,6.21,14,-16.0456,0.901,123727,39.89,39.74,40.04
17.8,29.96,6.18,12,-15.273,0.899,131417,39.92,39.77,40.07
16.53,28.25,5.95,11,-14.5761,0.8968,137420,39.95,39.8,40.1
15.15,27.52,5.69,10,-13.9772,0.8955,149262,39.98,39.83,40.13
13.89,26.68,5.07,4,-13.4806,0.8945,161289,40.01,39.86,40.16
13.03,25.4,4.97,7,-13.0824,0.8931,173198,40.04,39.89,40.19
12.25,22.67,4.95,10,-12.7769,0.8916,183298,40.07,39.92,40.22
11.78,20.43,5.01,13,-12.5592,0.8907,194219,40.1,39.95,40.25
11.68,19.49,5.09,12,-12.4242,0.8904,199787,40.13,39.98,40.28
11.76,19.29,5.15,11,-12.3624,0.8899,202410,40.16,40.01,40.31
11.97,19.69,5.18,12,-12.3546,0.8897,205821,40.19,40.04,40.34
12.34,20.17,5.3,8,-12.3746,0.8909,209277,40.22,40.07,40.37
12.9,20.77,5.45,23,-12.3993,0.8925,212107,40.25,40.1,40.4
13.51,21.87,5.53,19,-12.4135,0.8938,213847,40.28,40.13,40.43
13.95,23.35,5.61,9,-12.4122,0.895,214794,40.31,40.16,40.46
14.24,24.49,5.82,13,-12.3988,0.8961,215452,40.34,40.19,40.49
14.51,24.92,6.01,13,-12.3782,0.8978,215885,40.37,40.22,40.52
14.76,24.55,6.03,13,-12.3503,0.8994,217373,40.4,40.25,40.55
15,25.16,5.98,6,-12.3116,0.9009,219332,40.43,40.28,40.58
15.25,26.22,6.08,10,-12.2614,0.9016,222143,40.53,40.38,40.68
15.56,26.74,6.24,8,-12.2054,0.9018,225569,40.7,40.55,40.85
15.89,26.84,6.33,10,-12.1565,0.9027,230522,40.87,40.73,41.03
16.41,27.41,6.49,8,-12.1307,0.9027,233991,41.05,40.9,41.2
17.44,28.65,6.77,17,-12.1376,0.9023,235808,41.22,41.07,41.37
18.87,31.05,7.05,12,-12.1684,0.9028,241843,41.39,41.25,41.55
20.69,34.5,7.5,11,-12.1996,0.9027,249093,41.57,41.42,41.72
22.84,38.51,8.03,9,-12.2097,0.903,256724,41.67,41.52,41.82
24.56,42.19,8.26,15,-12.1902,0.9023,264513,41.7,41.55,41.85
25.55,44.79,8.71,15,-12.1487,0.9019,274184,41.73,41.58,41.88
26.07,47.49,9.38,17,-12.1057,0.9021,282583,41.76,41.61,41.91
26.04,47.33,9.34,12,-12.0829,0.9026,288291,41.79,41.64,41.94
25.74,46.5,9.24,12,-12.0878,0.9037,298394,41.82,41.67,41.97
25.27,45.9,8.92,13,-12.1157,0.9039,308184,41.85,41.7,42
24.65,45.6,8.87,15,-12.1616,0.9038,318913,41.88,41.73,42.03
24.5,45.05,9,17,-12.2278,0.9034,331147,41.91,41.76,42.06
24.81,43.14,8.78,12,-12.3253,0.9022,345514,41.94,41.79,42.09
25.2,43.43,8.78,23,-12.4687,0.9017,354325,41.97,41.82,42.12
25.51,45.63,8.99,12,-12.6677,0.9005,359355,42,41.85,42.15
25.66,47.34,9.12,21,-12.9204,0.9006,372594,42.03,41.88,42.18
26.07,47.03,9.4,26,-13.2143,0.9002,388603,42.06,41.91,42.21
26.61,45.38,9.61,34,-13.5353,0.8994,407443,42.09,41.94,42.24
27.59,43.47,9.98,26,-13.5353,0.8987,427070,42.12,41.97,42.27
29.73,46.57,11.3,43,-13.5646,0.8979,443637,42.15,42,42.3
31.95,48.12,14.32,18,-13.4892,0.8977,465898,42.18,42.03,42.33
33.3,49.18,19.15,10,-13.3255,0.8983,482645,42.21,42.06,42.36
33.84,49.43,20.71,17,-13.0965,0.8997,508047,42.24,42.09,42.39
33.48,49.01,18.01,24,-12.8209,0.9019,533398,42.27,42.12,42.42
32.71,47.86,13.73,35,-12.521,0.9035,561641,42.3,42.15,42.45
31.63,47.6,10.33,21,-12.2245,0.9054,591087,42.33,42.18,42.48
30.24,47.89,10.43,26,-11.9631,0.9067,627270,42.36,42.21,42.51
29.42,47.64,10.76,32,-11.7669,0.9084,659682,42.39,42.24,42.54
29.12,47.25,10.15,20,-11.6527,0.9088,685628,42.42,42.27,42.57
29.39,50.35,10.55,25,-11.6123,0.9095,714751,42.45,42.3,42.6
30.11,52.93,10.59,14,-11.6166,0.91,738869,42.48,42.33,42.63
30.46,54.8,10.92,27,-11.6338,0.9103,759926,42.51,42.36,42.66
30.65,55.88,11.21,16,-11.6425,0.9097,780805,42.54,42.39,42.69
30.47,55.14,10.83,34,-11.6358,0.9079,804710,42.57,42.42,42.72
29.64,54.6,10.3,39,-11.6193,0.9055,826970,42.6,42.45,42.75
29.51,54.63,11.1,23,-11.6019,0.9033,842685,42.63,42.48,42.78
29.33,51.82,11.04,20,-11.5865,0.9018,873535,42.66,42.51,42.81
28.93,48.04,11,14,-11.5698,0.9,898072,42.69,42.54,42.84
30.03,47.51,11.78,15,-11.5511,0.8983,918594,42.72,42.57,42.87
31.21,44.67,14.74,24,-11.5371,0.8988,938201,42.75,42.6,42.9
31.48,43.97,19.04,39,-11.5424,0.8985,959923,42.78,42.63,42.93
31.67,43.14,22.16,23,-11.5857,0.8979,984724,42.81,42.66,42.96
31.02,41.67,17.89,40,-11.6804,0.8974,1003668,42.84,42.69,42.99
30.14,40.09,12.34,45,-11.8249,0.8974,1030608,42.87,42.72,43.02
30.08,39.88,10.31,12,-12.0056,0.8989,1056048,42.9,42.75,43.05
30.23,41.12,13.42,23,-12.2076,0.9,1078058,43,42.85,43.15
30.56,42.52,13.45,35,-12.4199,0.9012,1097896,43.17,43.02,43.32
32.12,45.98,14.22,24,-12.6347,0.9014,1121059,43.34,43.2,43.5
35.35,49.6,14.73,34,-12.8464,0.9022,1134745,43.52,43.37,43.67
39.06,53.38,17.69,39,-13.0517,0.9031,1151662,43.69,43.54,43.84
42.49,57.51,23.01,17,-13.2577,0.9029,1163540,43.86,43.72,44.02
44.98,61.18,28,17,-13.48,0.9031,1175575,44.04,43.89,44.19
45.41,64.81,24.88,16,-13.7507,0.9038,1189956,44.14,43.99,44.29
44.85,66.4,18.65,18,-14.116,0.9042,1203167,44.17,44.02,44.32
44.15,65.81,20.96,25,-14.6317,0.9043,1219956,44.2,44.05,44.35
41.95,64.7,23.36,20,-15.3532,0.9036,1236044,44.23,44.08,44.38
39.79,62.39,20.95,28,-16.3201,0.9037,1249888,44.26,44.11,44.41
39.62,58.41,23.5,19,-17.5423,0.9033,1267312,44.29,44.14,44.44
39.89,57.67,18.96,25,-18.9999,0.9039,1288184,44.32,44.17,44.47
39.9,56.01,23.84,16,-20.653,0.9044,1307691,44.35,44.2,44.5
40.05,55.38,27.7,34,-22.4492,0.9046,1307794,44.38,44.23,44.53
39,52.47,22.1,52,-24.3365,0.9046,1347703,44.41,44.26,44.56
37.2,51.17,15.36,31,-26.2803,0.9052,1373834,44.44,44.29,44.59
35.24,50.56,11.2,49,-28.2384,0.9057,1397349,44.47,44.32,44.62
32.31,49.92,10.7,28,-30.1462,0.9075,1420506,44.57,44.42,44.72
29.62,47.62,10.77,38,-31.9336,0.9091,1442501,44.74,44.59,44.89
27.86,44.61,10.14,38,-33.5396,0.9109,1464416,44.91,44.77,45.07
27.16,45.8,11.04,41,-34.9202,0.9128,1487564,45.09,44.94,45.24
27.05,45.12,11.02,40,-36.0547,0.9155,1515672,45.26,45.11,45.41
27.23,42.74,11.02,29,-36.9438,0.9179,1546996,45.43,45.29,45.59
28.45,41.9,11.41,25,-37.5974,0.9197,1572489,45.61,45.46,45.76
29.58,40.2,14.32,36,-38.0174,0.9215,1593057,45.71,45.56,45.86
30.17,41.1,18.2,30,-38.1986,0.9239,1614222,45.74,45.59,45.89
30.32,45.1,20.75,26,-38.1408,0.9256,1628305,45.77,45.62,45.92
29.52,40.82,20.38,24,-37.8644,0.927,1650566,45.87,45.72,46.02
29.9,48.27,19.84,30,-37.4244,0.9277,1674039,46.04,45.89,46.19
31.04,51.77,19.61,33,-36.8938,0.9288,1694805,46.21,46.07,46.37
30.6,51.34,19.99,25,-36.3402,0.9294,1712740,46.39,46.24,46.54
29.9,43.54,21.45,23,-35.805,0.9295,1742258,46.56,46.41,46.71
29.1,48.74,17.37,18,-35.3045,0.9296,1763079,46.73,46.59,46.89
28.09,40.4,11.55,31,-34.8436,0.9287,1774031,46.91,46.76,47.06
27.27,36.66,9.29,45,-34.4265,0.9278,1782725,47.01,46.86,47.16
25.25,36.89,8.39,13,-34.0622,0.9276,1802047,47.04,46.89,47.19
22.7,36.76,8.43,18,-33.7642,0.927,1826016,47.14,46.99,47.29
20.9,35.33,8.45,20,-33.5396,0.9266,1846828,47.31,47.16,47.46
19.43,32,8.31,14,-33.3751,0.9264,1862060,47.48,47.34,47.64
18.53,30.63,8.1,9,-33.2408,0.9262,1878219,47.66,47.51,47.81
18.38,30.56,8.1,4,-33.1066,0.9248,1893381,47.83,47.68,47.98
18.31,30.08,8.08,13,-32.9525,0.9242,1905019,48,47.86,48.16
18.2,30.08,8.01,9,-32.7709,0.923,1923555,48.18,48.03,48.33
17.97,30.03,7.75,18,-32.5648,0.9211,1939159,48.28,48.13,48.43
17.51,29.77,7.51,13,-32.3357,0.9205,1951628,48.31,48.16,48.46
16.84,29.31,7.19,25,-32.068,0.9206,1967048,48.34,48.19,48.49
15.9,28.17,6.8,14,-31.7314,0.92,1982819,48.37,48.22,48.52
14.76,26.56,6.46,24,-31.2985,0.9194,1997849,48.4,48.25,48.55
13.64,24.68,6.24,27,-30.7553,0.9185,2012137,48.43,48.28,48.58
12.72,22.31,6.25,16,-30.1052,0.9174,2030121,48.53,48.38,48.68
12.16,19.93,6.3,21,-29.3687,0.9163,2047152,48.7,48.55,48.85
11.85,18.14,6.19,11,-28.5741,0.9162,2059602,48.87,48.73,49.03
11.95,18.71,6.14,16,-27.7409,0.9163,2071679,49.05,48.9,49.2
13.07,21.2,6.62,18,-26.8783,0.9165,2083866,49.22,49.07,49.37
14.22,26.26,6.78,22,-25.9949,0.9171,2095245,49.46,49.32,49.62
15.39,26.86,7.54,23,-25.1057,0.9171,2105944,49.78,49.63,49.93
17.94,29.03,7.51,20,-24.2358,0.9164,2117307,50.02,49.88,50.18
20.9,31.1,9.29,17,-23.4187,0.9156,2127016,50.2,50.05,50.35
23.67,33.03,10.46,14,-22.6823,0.9148,2134409,50.37,50.22,50.52
26.93,36.57,17.83,9,-22.0309,0.9138,2144681,50.54,50.4,50.7
29.87,41.78,19.23,10,-21.4481,0.9131,2153919,50.72,50.57,50.87
33.55,49.77,15.76,16,-20.9148,0.9124,2164747,50.82,50.67,50.97
39.22,61.25,21.65,10,-20.4217,0.9113,2183341,50.85,50.7,51
45.79,74.72,24.93,10,-19.9724,0.9091,2203263,50.88,50.73,51.03
56.5,106.45,22.5,7,-19.5764,0.9075,2221441,50.91,50.76,51.06
73.31,134.91,25.33,11,-19.2369,0.9058,2239926,50.94,50.79,51.09
93.13,160.53,32.28,13,-18.9372,0.9039,2257001,50.97,50.82,51.12
115.06,185.25,43.55,10,-18.6484,0.9025,2273219,51,50.85,51.15
136.88,201.19,64.06,12,-18.3479,0.9015,2291070,51.03,50.88,51.18
155.24,220.06,80.84,16,-18.0271,0.9003,2310143,51.06,50.91,51.21
169.99,238.33,98.92,10,-17.692,0.8994,2337126,51.09,50.94,51.24
177.9,252.33,106.77,6,-17.3611,0.8981,2363907,51.12,50.97,51.27
177.64,260.13,100.15,8,-17.0542,0.8971,2392709,51.15,51,51.3
173.48,258.72,97.96,26,-16.7803,0.8956,2424353,51.18,51.03,51.33
166.27,250.79,90.78,26,-16.5405,0.8954,2457540,51.21,51.06,51.36
157.63,239.09,80.69,60,-16.3441,0.8957,2497223,51.24,51.09,51.39
150.78,229.14,75.08,48,-16.2161,0.8962,2542133,51.27,51.12,51.42
145.32,220.85,70.47,61,-16.196,0.8969,2600947,51.3,51.15,51.45
140.8,218.27,73.77,68,-16.3296,0.8975,2658633,51.33,51.18,51.48
137.25,215.1,75.35,92,-16.6537,0.8971,2709615,51.36,51.21,51.51
134.42,210.39,73.79,172,-17.1793,0.897,2740389,51.39,51.24,51.54
132.59,204.39,72.55,195,-17.8909,0.8975,2740819,51.42,51.27,51.57
132.06,197.53,81.78,181,-18.7576,0.8983,2794774,51.52,51.37,51.67
131.29,190.91,84.85,170,-19.7397,0.8997,2846576,51.69,51.54,51.84
129.74,183.39,88.78,133,-20.7925,0.9015,2910397,51.86,51.72,52.02
130.72,177.95,87.69,130,-21.8693,0.9028,2967534,52.04,51.89,52.19
132.69,169.57,97.68,125,-22.9231,0.9039,3016494,52.21,52.06,52.36
132.74,173.42,104.06,135,-23.9099,0.9048,3067625,52.38,52.24,52.54
132.93,167.95,109.86,139,-24.7911,0.906,3104462,52.56,52.41,52.71
130.96,160.93,105.04,136,-25.5391,0.9077,3153665,52.66,52.51,52.81
127.38,164.87,93.67,133,-26.1448,0.9104,3205715,52.69,52.54,52.84
124.92,167.2,86.93,139,-26.6184,0.913,3271622,52.79,52.64,52.94
118.83,171.28,78.83,120,-26.9829,0.9151,3335013,52.96,52.81,53.11
110.24,165.43,71.37,121,-27.2615,0.917,3390671,53.21,53.06,53.36
101.45,156.4,51.95,111,-27.4637,0.918,3447637,53.59,53.45,53.75
89.55,146.99,32.62,102,-27.5855,0.919,3501928,54.12,53.98,54.28
78.05,126.54,23.13,95,-27.6185,0.9199,3558079,54.8,54.65,54.95
67.58,115.32,16.42,98,-27.5554,0.92,3616850,55.54,55.39,55.69
57.12,99.6,15.32,97,-27.3913,0.9204,3683710,56.21,56.07,56.37
51.74,85.21,16.25,81,-27.1211,0.9201,3746312,56.85,56.7,57
52.45,83.83,15.61,78,-26.7331,0.9189,3799731,57.49,57.34,57.64
57.72,95.56,19.68,72,-26.2044,0.9173,3834052,58.02,57.87,58.17
68.28,111.79,22.31,58.5,-25.5186,0.9164,3872188,58.48,58.33,58.63
82.57,128.67,30.57,58.5,-24.6979,0.9155,3909881,58.86,58.72,59.02
98.29,145.31,41.49,59,-23.7925,0.9145,3946231,59.18,59.03,59.33
113.21,164.55,57.8,49,-22.8618,0.9136,3992635,59.49,59.35,59.65
124.82,177.97,70.89,58,-21.9631,0.9123,4038242,59.85,59.7,60
133.64,190.9,70.09,53,-21.1377,0.9111,4069391,60.27,60.12,60.42
140.35,204.61,66.52,53,-20.3976,0.9107,4088103,60.73,60.58,60.88
145.92,217.37,64.87,56,-19.7307,0.9103,4102923,61.19,61.04,61.34
152.98,231.79,67.24,53,-19.1212,0.9103,4118139,61.64,61.5,61.8
163.73,250.34,70.02,32,-18.562,0.9111,4131881,62.25,62.1,62.4
178.62,271.25,76.53,40,-18.0583,0.9124,4150411,63.06,62.91,63.21
198.68,297.12,87.76,37,-17.6226,0.9127,4165175,63.88,63.73,64.03
226.04,335.81,96.96,35,-17.2639,0.9129,4173207,64.69,64.55,64.85
262.34,387.71,119.98,98,-16.9731,0.9129,4185109,65.58,65.43,65.73
307.82,446.79,145.99,116,-16.7292,0.9131,4195058,66.5,66.36,66.66
359.71,508.89,186.45,120,-16.515,0.9138,4204620,67.57,67.42,67.72
414.98,569.01,235.06,116,-16.3282,0.9142,4213997,68.6,68.45,68.75
474.87,642.47,291.6,121.5,-16.1806,0.9143,4227874,69.41,69.27,69.57
539.63,728.38,345.7,121.5,-16.0924,0.9139,4240141,70.16,70.01,70.31
605.33,818.84,402.36,144,-16.0776,0.9134,4247901,70.76,70.61,70.91
677.48,906.5,451.27,144,-16.1311,0.9127,4256475,71.22,71.07,71.37
756.49,993.53,491.25,161,-16.2348,0.9111,4261968.173,71.57,71.42,71.72
837.08,1085.46,546.61,180,-16.372,0.9098,4265517.613,71.71,71.56,71.86
923.6,1182.96,620.4,191,-16.5335,0.9088,4268987.153,71.74,71.59,71.89
1011.4,1282.48,688.21,219,-16.7181,0.9081,4273414.553,71.77,71.62,71.92
1090.79,1378.38,754.05,259,-16.9296,0.9072,4276977.153,71.8,71.65,71.95
1171.1,1464.17,804.31,191,-17.1696,0.9061,4279004.733,71.9,71.75,72.05
1254.9,1591.23,829.38,241,-17.4218,0.9048,4282076.653,72.14,72,72.3
1335.44,1696.01,903.75,332,-17.6547,0.9036,4285213.433,72.53,72.38,72.68
1414.6,1800.15,977.76,349,-17.8409,0.9026,4288355.853,72.99,72.84,73.14
1497.72,1930.83,1038.03,457,-17.9683,0.9015,4291166.453,73.45,73.3,73.6
1595.7,2077.44,1092.7,573,-18.0437,0.9003,4294139.673,73.91,73.76,74.06
1713.13,2249.67,1150.65,555,-18.0892,0.9,4296800.813,74.36,74.22,74.52
1849.84,2431.3,1242.15,520,-18.1295,0.8995,4298320.793,74.75,74.6,74.9
1995.93,2613.25,1355.38,607,-18.1747,0.8989,4300793.933,75.07,74.92,75.22
2151.1,2823.25,1462.32,837,-18.2209,0.8991,4303286.813,75.31,75.16,75.46
2323.43,3063.79,1522.06,807,-18.265,0.899,4306253.453,75.56,75.41,75.71
2478.89,3266.37,1543.44,910,-18.3138,0.8988,4308892.973,75.87,75.72,76.02
2596.81,3505.68,1577.17,935,-18.3858,0.8983,4312428.313,76.37,76.22,76.52
2709.23,3734.17,1636.91,1009,-18.5067,0.8977,4314876.073,77.22,77.07,77.37
2820.16,3849.04,1712.76,1012,-18.6973,0.8974,4316155.413,78.46,78.31,78.61
2931.88,3999.45,1800.01,1047.5,-18.9611,0.8972,4318701.873,79.99,79.84,80.14
3065.25,4260.07,1857.57,1047.5,-19.2891,0.8971,4321057.513,81.81,81.66,81.96
3219.7,4540.96,1922.81,1457,-19.6723,0.8959,4323148.073,83.98,83.83,84.13
3386.99,4784.04,2066.33,1504,-20.1093,0.895,4325655.993,86.44,86.29,86.59
3533.35,5000.06,2159.79,1650,-20.6048,0.8942,4328706.293,89,88.86,89.16
3632.28,5239.19,2117.49,1443,-21.164,0.8925,4330753.613,91.71,91.57,91.87
3700.3,5419.31,2087.18,1939,-21.7798,0.8915,4332058.333,94.96,94.81,95.11
3731.84,5436.79,2165.1,1647,-22.4201,0.8912,4334213.753,98.56,98.41,98.71
3719.01,5352.32,2254.81,2236,-23.0344,0.8928,4336444.373,102.52,102.37,102.67
3688.49,5287.46,2259.84,2268,-23.5785,0.8939,4338549.033,106.9,106.76,107.06
3667.34,5180.05,2220.53,2478,-24.0273,0.894,4340560.633,111.65,111.5,111.8
3670.37,5100.89,2230.06,2909,-24.3772,0.8941,4342854.233,117.11,116.96,117.26
3702.15,5076.64,2294.06,2356,-24.6403,0.8938,4344356.353,123.28,123.13,123.43
3764.08,5103.57,2361.93,2057,-24.8318,0.8948,4345331.133,129.38,129.23,129.53
3839.83,5207.64,2359.98,2475,-24.9545,0.8952,4347173.533,135.2,135.05,135.35
3917.64,5376.24,2346.21,3486,-24.9996,0.8962,4349261.273,140.94,140.79,141.09
3993.24,5548.74,2389.3,3577,-24.9611,0.8971,4351490.953,147.04,146.9,147.2
4048.46,5653.99,2459.63,3483,-24.8451,0.8969,4353537.333,153.86,153.71,154.01
4094.71,5712.42,2485.57,3590,-24.6706,0.8952,4355979.453,161.03,160.88,161.18
4144.56,5771.92,2499.24,3703,-24.4658,0.8923,4358431.913,168.49,168.34,168.64
4187.63,5859.7,2523.45,2809,-24.2568,0.8899,4360605.193,176.52,176.37,176.67
4257.79,5925.52,2565.66,2263,-24.0527,0.8887,4364089.773,185.84,185.69,185.99
4343.11,5977.01,2645.23,2976,-23.8476,0.8877,4367089.313,196.15,196,196.3
4392.11,6095.89,2681.55,3190,-23.6353,0.8873,4369629.193,206.47,206.32,206.62
4424.23,6220.35,2622.94,2932,-23.4181,0.8861,4371842.893,216.64,216.49,216.79
4438.04,6277.29,2623.88,3445,-23.2081,0.8859,4374814.233,226.53,226.38,226.68
4402.43,6243.79,2651.02,3348,-23.023,0.8843,4377047.673,235.84,235.7,236
4341.86,6172.64,2603.37,3058,-22.874,0.8831,4378344.873,245.52,245.37,245.67
4264.1,6074.79,2611.79,2553,-22.7526,0.8837,4380253.073,255.9,255.76,256.06
4147.56,5973.48,2585.59,3994,-22.6357,0.8858,4381919.693,266.79,266.64,266.94
4003.34,5863.15,2479.09,3862,-22.5033,0.8879,4383445.313,277.89,277.74,278.04
3861.95,5655.33,2468.69,3439,-22.3492,0.8903,4384940.853,289.21,289.06,289.36
3728.92,5359.43,2371.9,3637,-22.1846,0.8921,4386595.253,301.52,301.38,301.68
3616.21,5065.47,2250.54,3598,-22.0336,0.8936,4387840.753,314.62,314.48,314.78
3529.48,4895.47,2209.33,3383,-21.9204,0.8944,4388754.433,327.37,327.22,327.52
3427.84,4821.44,2061.84,3174,-21.8533,0.8956,4390222.713,339.47,339.32,339.62
3330.02,4777.33,1864.53,3277,-21.8264,0.8962,4391705.093,351.64,351.5,351.8
3262.31,4729.68,1752.71,5324,-21.8346,0.8979,4392979.733,364.53,364.38,364.68
3178.63,4635.76,1656.21,3432,-21.8813,0.8992,4394349.313,377.85,377.7,378
3084.03,4676.52,1683.17,4248,-21.9779,0.8995,4396058.233,391.02,390.87,391.17
3014.34,4707.85,1632.75,3112,-22.1372,0.8991,4397520.873,404.12,403.97,404.27
2954.31,4531.26,1669.36,3163,-22.3599,0.8992,4398690.233,417.29,417.15,417.45
2913.43,4370.99,1785.96,2470,-22.6188,0.8991,4400386.933,430.75,430.6,430.9
2885.4,4225.6,1780.27,3496,-22.8631,0.899,4401797.873,443.85,443.71,444.01
2855.67,4081.25,1761.52,3635,-23.0384,0.8995,4402981.333,456.31,456.16,456.46
2835.54,4001.12,1781.06,3003,-23.1025,0.901,4403100.713,468.91,468.77,469.07
2805.48,3893.12,1801.17,1767,-23.0378,0.9022,4405187.513,481.8,481.65,481.95
2751.94,3747.97,1779.52,3035,-22.8653,0.9034,4406433.953,494.9,494.75,495.05
2678.5,3653.35,1779.38,2553,-22.6201,0.9038,4407281.833,508.57,508.43,508.73
2576.39,3587.89,1723.82,2470,-22.3229,0.9047,4408446.493,521.96,521.81,522.11
2455.05,3493.79,1635.07,3397,-21.9781,0.9051,4410037.913,535.06,534.92,535.22
2318.1,3333.23,1583.71,3481,-21.5914,0.9056,4411474.233,548.66,548.52,548.82
2179.29,3113.74,1478.9,2396,-21.1804,0.9048,4412989.513,561.91,561.76,562.06
2060.14,2904.3,1382.04,3099,-20.7753,0.9038,4414741.673,574.22,574.08,574.38
1948.55,2750.91,1331.82,2304,-20.4114,0.9031,4416093.393,586.54,586.39,586.69
1839.44,2633.69,1259.15,1723,-20.1135,0.9015,4416976.053,598.57,598.42,598.72
1733.95,2490,1167.89,2069,-19.8772,0.8997,4418443.393,610.1,609.95,610.25
1636.29,2349.61,1044.52,2069,-19.6729,0.8977,4419861.853,621.63,621.48,621.78
1536.99,2219.78,920.64,3474,-19.4691,0.8957,4421002.073,632.87,632.73,633.03
1425.91,2094.13,816.48,1886,-19.2474,0.8939,4422107.513,643.9,643.76,644.06
1314.56,2007.26,726.37,1886,-19.0074,0.8919,4423514.693,654.58,654.43,654.73
1206.98,1879.58,625.96,1931,-18.7627,0.8902,4424601.333,664.11,663.96,664.26
1099.9,1716.99,553.29,1670,-18.5257,0.8885,4425358.033,672.64,672.49,672.79
998.01,1599.5,525.44,1461,-18.2893,0.8885,4426541.493,680.52,680.38,680.68
906.53,1497.51,502.67,1782,-18.0302,0.8882,4427540.713,687.27,687.12,687.42
830.74,1363.34,470.39,2079,-17.7316,0.8874,4428546.513,692.94,692.79,693.09
770.84,1227.47,439.78,1275,-17.3965,0.8871,4429620.933,698.33,698.18,698.48
721.88,1129.74,387.29,1090,-17.0495,0.8861,4430848.573,704.22,704.07,704.37
678.59,1063.95,367.26,1761,-16.7278,0.8852,4431718.073,710.6,710.46,710.76
638.9,1014.63,347.89,747,-16.4624,0.8848,4432445.633,717.35,717.2,717.5
599.13,959.98,328.31,1103,-16.2552,0.8843,4433542.613,724.66,724.52,724.82
597.68,936.01,339.93,1239,-16.0812,0.8828,4434578.493,732.84,732.69,732.99
579.96,897.08,351.78,1324,-15.9138,0.8818,4435509.093,741.15,741,741.3
555.39,838.27,326.26,1101,-15.7393,0.881,4436544.033,749.32,749.18,749.48
537.27,795.99,290.09,766,-15.5608,0.8789,4437656.993,757.28,757.14,757.44
522.13,759.08,307.09,743,-15.3953,0.8772,4438412.753,764.88,764.74,765.04
500.7,714.98,308.97,552,-15.2569,0.876,4438986.153,772.13,771.98,772.28
489.65,688.64,321.09,662,-15.1358,0.8737,4440022.973,778.73,778.58,778.88
490.91,648.43,338.02,715,-15.0011,0.872,4440975.193,784.69,784.54,784.84
494.91,659.15,357.95,709,-14.8246,0.8705,4441911.433,790.58,790.43,790.73
503.37,706.24,359.81,682,-14.5944,0.8695,4442764.953,796.18,796.03,796.33
511.67,742.13,357.11,454,-14.318,0.8688,4443610.953,801.21,801.06,801.36
522.47,797.17,337.63,559,-14.0175,0.8698,4444209.733,806.09,805.95,806.25
536.43,816.77,328.54,370,-13.7143,0.8712,4444655.293,810.84,810.69,810.99
542.15,857.58,309.09,339,-13.407,0.8714,4445393.193,815.3,815.15,815.45
547.36,835.02,309.87,442,-13.0715,0.8723,4446106.653,819.26,819.11,819.41
554.31,857.2,324.55,474,-12.6875,0.8733,4446743.033,822.64,822.5,822.8
569.67,871.52,317.41,355,-12.2544,0.8733,4447417.013,825.53,825.38,825.68
609.58,934.15,339.08,412,-11.7943,0.8748,4448064.673,828.13,827.98,828.28
669.62,1028.94,352.97,271,-11.3473,0.8762,4448566.633,830.3,830.16,830.46
754.43,1149.6,381.53,255,-10.9568,0.8771,4448970.833,832.05,831.9,832.2
872.2,1378.96,405.09,195,-16.2051,0.8766,4449708.733,833.72,833.57,833.87
1024.86,1655.36,452.24,280,-16.2051,0.8756,4450340.413,835.39,835.25,835.55
1228.41,1996.93,528.98,335,-16.2051,0.8741,4450971.153,837,836.85,837.15
1472.33,2364.14,602.33,322,-16.2051,0.872,4451597.193,838.45,838.31,838.61
1740.66,2722.18,687.47,265,-16.2051,0.8706,4451911.153,839.84,839.69,839.99
2017.05,3104.89,827.49,248,-16.2051,0.8693,4451938.413,841.16,841.01,841.31
2285.56,3367.53,1000.94,209,-16.2051,0.8682,4452486.433,842.33,842.18,842.48
2559.64,3653.16,1145.99,280,-16.2051,0.8679,4456313.173,843.43,843.28,843.58
2806.09,3900.97,1277.68,365,-16.2051,0.8672,4460185.973,844.53,844.39,844.69
3007.75,4039.42,1451.35,341,-16.2051,0.867,4465684.033,845.71,845.56,845.86
3202.35,4221.98,1629.31,311,-16.2051,0.868,4471494.173,846.81,846.66,846.96
3383.35,4382.2,1751.12,344,-16.2051,0.8692,4474888.513,847.62,847.48,847.78
3578.76,4682.46,1891.91,456,-16.2051,0.8717,4474910.133,848.44,848.29,848.59
3854.44,5171.42,2056.17,429,-16.2051,0.8739,4481447.833,849.54,849.39,849.69
4210.61,5654.93,2229.63,464,-16.2051,0.8748,4490645.733,850.71,850.57,850.87
4581.32,6063.55,2477.13,842,-16.2051,0.8773,4494940.593,851.89,851.74,852.04
4942.95,6424.64,2772,805,-10.6449,0.8795,4501051.802,853.06,852.91,853.21
5394.78,7049.14,3089.36,1299,-10.4123,0.8816,4507163.01,854.3,854.16,854.46
5934.28,7640.42,3393.21,1268.5,-10.2587,0.8839,4513274.219,855.62,855.47,855.77
6585.5,8842.01,3639.08,1268.5,-10.1901,0.8857,4519385.427,856.72,856.57,856.87
7501,10270.59,4165.34,1350,-10.2089,0.8864,4525496.636,857.54,857.39,857.69
8607.59,11599.85,4885.24,1198,-10.2954,0.8861,4531607.844,858.21,858.06,858.36
9930.53,13531.15,5595.17,1352,-10.4101,0.8865,4537719.053,858.81,858.66,858.96
11525.39,16959.24,6681.44,1409,-10.5159,0.8843,4541959.393,859.55,859.41,859.71
13150.71,19796.31,7840.69,1534,-10.5916,0.8819,4548547.853,860.37,860.22,860.52
14868.73,22016.55,9028.06,1510,-10.6352,0.8812,4557304.893,861.11,860.97,861.27
16484.4,24710.51,10595.13,1528,-10.6613,0.8778,4563667.283,861.86,861.71,862.01
17851.14,27419.54,12188.78,1379,-10.6872,0.8749,4570029.673,862.6,862.46,862.76
18787.57,29212.92,13561.2,1861,-10.7142,0.8713,4576392.063,863.42,863.27,863.57
19493.06,30377.82,14467.08,2314,-10.7297,0.8664,4582754.453,864.31,864.16,864.46
20335.5,31557.79,14930.64,2580,-10.7267,0.8625,4586155.373,865.05,864.9,865.2
21401.72,32057.06,15697.12,2352,-10.7143,0.86,4591011.413,865.72,865.58,865.88
22642.99,37588.85,16119.23,1209,-10.719,0.8572,4597827.353,866.47,866.32,866.62
24675.99,42174.73,16649.92,2463,-10.7775,0.8543,4605125.513,867.35,867.21,867.51
27666.18,47614.09,18253.33,3496,-10.9221,0.8537,4611453.593,868.31,868.17,868.47
31056.12,51911.81,19307.37,3002,-11.1618,0.8539,4614587.553,869.13,868.98,869.28
34653.25,55457.75,21643.73,5996,-11.4841,0.8537,4614588.657,870.02,869.87,870.17
37917.1,60381.77,25240.72,4832,-11.8722,0.8554,4614588.657,871.05,870.9,871.2
40538.53,64151.11,28804,5469,-12.3158,0.8565,4614588.657,872,871.86,872.16
42618.91,65860.92,31575.52,5554,-12.8114,0.8586,4614588.657,872.96,872.82,873.12
43971.43,66745.49,33313.03,5207,-13.3567,0.8625,4614588.657,874.06,873.92,874.22
45114.7,69237.57,34134.2,4498,-13.9376,0.8652,4614588.657,875.31,875.16,875.46
46454.68,71144.07,35253.35,4481,-14.5174,0.8672,4614588.657,876.7,876.55,876.85
47642.23,72151.22,36122.06,6264,-15.0457,0.8697,4614588.657,878.37,878.22,878.52
48814.34,73446.28,37380.05,3101,-15.4858,0.8722,4614588.657,880.26,880.11,880.41
50035.32,74361.98,38970.85,4297,-15.8163,0.8734,4614588.657,882.21,882.07,882.37
51123.51,75562.83,40129.82,13208,-16.0325,0.8745,4614588.657,884.6,884.45,884.75
52082.34,77030.21,41284.47,5195,-16.1523,0.8757,4614588.657,887.35,887.2,887.5
52909.93,78279.03,41780.81,5195,-16.2051,0.8763,4614588.657,890.3,890.16,890.46
53605.99,79296.22,42238.11,15558,-16.2051,0.8772,4614588.657,893.48,893.33,893.63
54193.7,79039.41,42501.67,13011,-16.1275,0.8767,4614588.657,896.44,896.29,896.59
54666.68,78552.53,42643.44,10314,-16.0499,0.8767,4614588.657,899.68,899.53,899.83
54993.02,77804.11,42671.07,10686,-15.9723,0.8767,4614588.657,903.64,903.49,903.79
55185.21,76825.26,42606.05,9930,-15.8947,0.8767,4614588.657,908.02,907.88,908.22
55254.14,75646.6,42332.16,10505,-15.8171,0.8767,4614588.657,912.88,912.42,913.85
55205.47,74287.4,42104.48,9420,-15.7395,0.8767,4614588.657,918.11,916.86,920.97
55023.04,73635.83,41761.92,9082,-15.6619,0.8767,4614588.657,923.58,921.57,928.53
